step,reward,reward_std,frac_reward_zero_std,mean_length,clipped_ratio,entropy,loss
1,0.5875,0.1996,0,334.4,0.1875,1.517,0.04323
2,0.55,0.1366,0,307.2,0.1875,1.38,0.02446
3,0.6,0.1461,0,338.1,0.3125,1.459,0.05209
4,0.65,0.1155,0,273.3,0.125,1.437,-0.07822
5,0.6375,0.08062,0.5,279.4,0,1.271,0.002753
6,0.65,0.1366,0,257.7,0,1.269,-0.002458
7,0.6625,0.1204,0,237.4,0,1.256,-0.01841
8,0.5875,0.1708,0,269.9,0,1.203,-0.007294
9,0.6125,0.1147,0,182.9,0,1.308,0.08399
10,0.725,0.1,0,183.8,0,1.158,0.1231
11,0.775,0.1,0,105.8,0,1.045,-0.1622
12,0.725,0.1,0,126.8,0,1.221,0.09369
13,0.7,0.1033,0,94.75,0,1.031,0.156
14,0.7875,0.05,0.5,86.5,0,0.8908,-0.09668
15,0.775,0.06831,0,102,0,0.8821,0.00173
16,0.775,0.1,0.5,91.81,0,1.146,0.03054
17,0.7375,0.2277,0,94.5,0,0.88,-0.1295
18,0.7375,0.09574,0,107.1,0,0.9177,-0.1215
19,0.7,0.1789,0,144.4,0,0.9829,0.1807
20,0.75,0.08944,0,146.1,0,1.006,0.4162
21,0.7625,0.08062,0,106.8,0,0.8548,0.1142
22,0.75,0.08944,0,139.2,0,0.7831,0.165
23,0.8,0,1,131.6,0,0.7524,0
24,0.775,0.06831,0,106.8,0,0.6122,-0.05374
25,0.8,0,1,108.9,0,0.6092,0
26,0.8,0,1,102.6,0,0.4389,0
27,0.8,0,1,120.1,0,0.5262,0
28,0.75,0.2,0.5,117.4,0.0625,0.8395,0.3689
29,0.7875,0.05,0.5,112.7,0,0.4984,0.1281
30,0.75,0.1155,0.5,89,0,0.5087,-0.06731
31,0.8,0,1,94.56,0,0.3996,0
32,0.8,0,1,97.56,0,0.342,0
33,0.8,0,1,83.56,0,0.2805,0
34,0.7875,0.05,0.5,109.4,0,0.5533,0.1553
35,0.8,0,1,94.56,0,0.3454,0
36,0.775,0.06831,0.5,97.31,0,0.4294,-0.03777
37,0.775,0.06831,0.5,93.56,0,0.3533,0.1384
38,0.8,0,1,84.88,0,0.3163,0
39,0.8,0,1,73.56,0,0.2656,0
40,0.7375,0.09574,0.5,76.69,0,0.3063,0.003933
41,0.8,0,1,72.56,0,0.2775,0
42,0.8,0,1,73.44,0,0.2216,0
43,0.8,0,1,65.38,0,0.2663,0
44,0.7875,0.05,0.5,62.94,0,0.2421,0.01367
45,0.8,0,1,55.12,0,0.2531,0
46,0.7875,0.05,0.5,61.19,0,0.204,-0.01695
47,0.8,0,1,57.44,0,0.1776,0
48,0.8,0,1,64.5,0,0.1494,0
49,0.7875,0.05,0.5,64.25,0,0.183,-0.01649
50,0.8,0,1,64.31,0,0.1127,0
51,0.8,0,1,61.69,0,0.1282,0
52,0.8,0,1,56.69,0,0.1285,0
53,0.8,0,1,59.12,0,0.1378,0
54,0.8,0,1,55.69,0,0.09571,0
55,0.8,0,1,63.5,0,0.1508,0
56,0.7875,0.05,0.5,61.06,0,0.07776,0.0007225
57,0.8,0,1,61.44,0,0.09893,0
58,0.8,0,1,59.31,0,0.09616,0
59,0.8,0,1,59,0,0.09569,0
60,0.8,0,1,55.94,0,0.1135,0
61,0.8,0,1,58.75,0,0.1041,0
62,0.8,0,1,60.31,0,0.1073,0
63,0.7875,0.05,0.5,62.31,0,0.132,0.1781
64,0.8,0,1,58.88,0,0.1148,0
65,0.8,0,1,57.5,0,0.1166,0
66,0.8,0,1,56.75,0,0.09985,0
67,0.8,0,1,61.5,0,0.09821,0
68,0.8,0,1,56.25,0,0.2168,0
69,0.8,0,1,65.75,0,0.1021,0
70,0.8,0,1,64.81,0,0.1083,0
71,0.8,0,1,62.12,0,0.1071,0
72,0.8,0,1,56.31,0,0.1158,0
73,0.8,0,1,60.94,0,0.1044,0
74,0.8,0,1,54.81,0,0.1072,0
75,0.8,0,1,60.12,0,0.1028,0
76,0.8,0,1,59.81,0,0.117,0
77,0.8,0,1,66.56,0,0.1174,0
78,0.8,0,1,59.56,0,0.109,0
79,0.8,0,1,65.62,0,0.08814,0
80,0.8,0,1,64,0,0.09021,0
81,0.8,0,1,66.31,0,0.09438,0
82,0.8,0,1,64.5,0,0.08651,0
83,0.8,0,1,63.06,0,0.09238,0
84,0.8,0,1,66.94,0,0.08414,0
85,0.8,0,1,54.44,0,0.1229,0
86,0.8,0,1,59.5,0,0.1043,0
87,0.8,0,1,61.38,0,0.1032,0
88,0.8,0,1,68.88,0,0.0926,0
89,0.775,0.06831,0.5,60,0,0.1208,0.007867
90,0.8,0,1,59.38,0,0.08569,0
91,0.8,0,1,58.69,0,0.09985,0
92,0.8,0,1,59,0,0.08665,0
93,0.8,0,1,66,0,0.08127,0
94,0.8,0,1,64.38,0,0.05961,0
95,0.8,0,1,67.12,0,0.05672,0
96,0.8,0,1,61.56,0,0.05308,0
97,0.8,0,1,62.12,0,0.0517,0
98,0.8,0,1,65.81,0,0.04736,0
99,0.8,0,1,65,0,0.04349,0
100,0.8,0,1,57.69,0,0.05113,0
101,0.8,0,1,65.94,0,0.03708,0
102,0.8,0,1,58.75,0,0.05556,0
103,0.8,0,1,60.31,0,0.055,0
104,0.8,0,1,65.62,0,0.04723,0
105,0.8,0,1,63.94,0,0.04462,0
106,0.8,0,1,66.88,0,0.03634,0
107,0.8,0,1,62.88,0,0.04469,0
108,0.8,0,1,71.94,0,0.03483,0
109,0.8,0,1,64.06,0,0.05149,0
110,0.8,0,1,63.06,0,0.057,0
111,0.8,0,1,62.88,0,0.06204,0
112,0.8,0,1,63.62,0,0.04248,0
113,0.8,0,1,61.19,0,0.06541,0
114,0.8,0,1,66,0,0.04249,0
115,0.8,0,1,63.31,0,0.06672,0
116,0.7625,0.08062,0.5,60.06,0,0.0506,-0.0806
117,0.8,0,1,66,0,0.06505,0
118,0.8,0,1,61.62,0,0.06818,0
119,0.8,0,1,63.56,0,0.07855,0
120,0.8,0,1,58.88,0,0.07454,0
121,0.8,0,1,61.69,0,0.055,0
122,0.8,0,1,68.62,0,0.0493,0
123,0.8,0,1,60,0,0.06013,0
124,0.8,0,1,62,0,0.06308,0
125,0.8,0,1,61.19,0,0.04855,0
126,0.8,0,1,79.62,0,0.05629,0
127,0.8,0,1,59.44,0,0.04565,0
128,0.8,0,1,76.12,0,0.1751,0
129,0.8,0,1,71.94,0,0.0966,0
130,0.8,0,1,83.19,0,0.09437,0
131,0.7875,0.05,0.5,81.25,0,0.2295,0.1127
132,0.8,0,1,70.69,0,0.07506,0
133,0.7625,0.08062,0,96,0,0.1137,0.1403
134,0.8,0,1,72.31,0,0.05051,0
135,0.8,0,1,67.31,0,0.06097,0
136,0.8,0,1,80.94,0,0.04751,0
137,0.8,0,1,68.62,0,0.03761,0
138,0.8,0,1,67.25,0,0.02955,0
139,0.8,0,1,59.25,0,0.05371,0
140,0.8,0,1,72.25,0,0.03336,0
141,0.8,0,1,69.81,0,0.04558,0
142,0.8,0,1,72.62,0,0.02395,0
143,0.8,0,1,77.12,0,0.02541,0
144,0.8,0,1,77.56,0,0.02197,0
145,0.8,0,1,61.62,0,0.04696,0
146,0.8,0,1,72.38,0,0.04647,0
147,0.8,0,1,65.12,0,0.0243,0
148,0.8,0,1,81.88,0,0.03124,0
149,0.8,0,1,72.38,0,0.03658,0
150,0.8,0,1,68.25,0,0.04258,0
151,0.8,0,1,72.62,0,0.03787,0
152,0.8,0,1,70.12,0,0.03926,0
153,0.8,0,1,78.12,0,0.03109,0
154,0.8,0,1,62.62,0,0.06047,0
155,0.8,0,1,61.12,0,0.04372,0
156,0.7875,0.05,0.5,72.75,0,0.03565,0.06491
157,0.8,0,1,61.81,0,0.03702,0
158,0.8,0,1,59.38,0,0.04898,0
159,0.8,0,1,62.38,0,0.04703,0
160,0.8,0,1,58.88,0,0.04838,0
161,0.8,0,1,62,0,0.0419,0
162,0.75,0.08944,0.5,59.31,0,0.04985,-0.01674
163,0.8,0,1,66.56,0,0.02603,0
164,0.8,0,1,55.94,0,0.02779,0
165,0.8,0,1,57.38,0,0.02414,0
166,0.8,0,1,61.12,0,0.02526,0
167,0.8,0,1,57,0,0.02477,0
168,0.8,0,1,57.12,0,0.03259,0
169,0.8,0,1,61.75,0,0.02228,0
170,0.8,0,1,59.94,0,0.0422,0
171,0.8,0,1,57.31,0,0.02125,0
172,0.8,0,1,63.06,0,0.0185,0
173,0.8,0,1,57.44,0,0.01905,0
174,0.8,0,1,62.75,0,0.02815,0
175,0.8,0,1,64.06,0,0.02646,0
176,0.8,0,1,59.19,0,0.02681,0
177,0.8,0,1,56.31,0,0.02262,0
178,0.8,0,1,58.69,0,0.02185,0
179,0.8,0,1,53.44,0,0.03025,0
180,0.8,0,1,59.62,0,0.02233,0
181,0.8,0,1,58.94,0,0.02933,0
182,0.8,0,1,56.81,0,0.04638,0
183,0.8,0,1,56.81,0,0.03001,0
184,0.8,0,1,57.88,0,0.03426,0
185,0.8,0,1,55.94,0,0.03448,0
186,0.8,0,1,55.88,0,0.02073,0
187,0.8,0,1,54.44,0,0.03459,0
188,0.8,0,1,58.69,0,0.02058,0
189,0.8,0,1,61.12,0,0.03707,0
190,0.8,0,1,56.56,0,0.03263,0
191,0.8,0,1,58.25,0,0.02338,0
192,0.8,0,1,59.12,0,0.02813,0
193,0.8,0,1,55.25,0,0.03831,0
194,0.8,0,1,61.56,0,0.03221,0
195,0.8,0,1,58.5,0,0.04898,0
196,0.8,0,1,57.38,0,0.02502,0
197,0.8,0,1,56.31,0,0.03124,0
198,0.8,0,1,55.5,0,0.03003,0
199,0.8,0,1,58.75,0,0.02972,0
200,0.8,0,1,59,0,0.03195,0
201,0.8,0,1,60.25,0,0.02759,0
202,0.8,0,1,55.25,0,0.04183,0
203,0.8,0,1,62.81,0,0.03628,0
204,0.8,0,1,65.56,0,0.01817,0
205,0.8,0,1,62.12,0,0.03295,0
206,0.8,0,1,59.31,0,0.0291,0
207,0.8,0,1,64.88,0,0.02719,0
208,0.8,0,1,60.06,0,0.0286,0
209,0.8,0,1,59.56,0,0.02527,0
210,0.8,0,1,61.12,0,0.02189,0
211,0.8,0,1,57.25,0,0.03192,0
212,0.8,0,1,56.31,0,0.03412,0
213,0.8,0,1,53.81,0,0.03907,0
214,0.8,0,1,60.5,0,0.02379,0
215,0.8,0,1,58.94,0,0.03113,0
216,0.8,0,1,61,0,0.02889,0
217,0.8,0,1,60.31,0,0.02798,0
218,0.8,0,1,56.75,0,0.04342,0
219,0.7875,0.05,0.5,58.56,0,0.03916,-0.001131
220,0.8,0,1,53.94,0,0.02687,0
221,0.8,0,1,59.94,0,0.03313,0
222,0.8,0,1,57.62,0,0.02131,0
223,0.8,0,1,60.19,0,0.0377,0
224,0.8,0,1,54.25,0,0.0327,0
225,0.8,0,1,57.94,0,0.0284,0
226,0.8,0,1,57.69,0,0.0391,0
227,0.8,0,1,59.31,0,0.0282,0
228,0.8,0,1,58.25,0,0.05138,0
229,0.8,0,1,60.06,0,0.03417,0
230,0.8,0,1,52.69,0,0.03939,0
231,0.8,0,1,59.69,0,0.04043,0
232,0.8,0,1,64.62,0,0.02819,0
233,0.8,0,1,57.5,0,0.03921,0
234,0.8,0,1,55.94,0,0.03385,0
235,0.8,0,1,56.06,0,0.03529,0
236,0.8,0,1,60.94,0,0.03159,0
237,0.8,0,1,56,0,0.02973,0
238,0.8,0,1,57.44,0,0.03205,0
239,0.8,0,1,58.38,0,0.04072,0
240,0.8,0,1,56.44,0,0.03974,0
241,0.8,0,1,61.19,0,0.0347,0
242,0.8,0,1,56,0,0.0395,0
243,0.8,0,1,56.12,0,0.03037,0
244,0.8,0,1,60.38,0,0.03566,0
245,0.8,0,1,59.88,0,0.02942,0
246,0.8,0,1,62.31,0,0.02857,0
247,0.8,0,1,61.75,0,0.02551,0
248,0.8,0,1,55.69,0,0.03743,0
249,0.8,0,1,54.5,0,0.02719,0
250,0.8,0,1,55.81,0,0.04093,0
251,0.8,0,1,58.75,0,0.03794,0
252,0.8,0,1,55,0,0.02346,0
253,0.8,0,1,66.06,0,0.02707,0
254,0.8,0,1,59.69,0,0.0303,0
255,0.8,0,1,60.62,0,0.02428,0
256,0.8,0,1,59.69,0,0.04207,0
257,0.8,0,1,58,0,0.03422,0
258,0.8,0,1,56.88,0,0.02173,0
259,0.8,0,1,59.38,0,0.03251,0
260,0.8,0,1,59,0,0.03912,0
261,0.8,0,1,60.56,0,0.03134,0
262,0.8,0,1,57.31,0,0.03083,0
263,0.8,0,1,59,0,0.0317,0
264,0.8,0,1,55.19,0,0.04025,0
265,0.8,0,1,58.56,0,0.03803,0
266,0.8,0,1,58.19,0,0.02365,0
267,0.8,0,1,58.62,0,0.03573,0
268,0.8,0,1,59.19,0,0.02393,0
269,0.8,0,1,60.44,0,0.03344,0
270,0.8,0,1,62.88,0,0.03346,0
271,0.8,0,1,58,0,0.03164,0
272,0.8,0,1,57.31,0,0.03894,0
273,0.8,0,1,58.94,0,0.03824,0
274,0.8,0,1,54,0,0.03393,0
275,0.8,0,1,57.5,0,0.04019,0
276,0.8,0,1,57.56,0,0.03803,0
277,0.8,0,1,60.81,0,0.03312,0
278,0.8,0,1,53.56,0,0.02395,0
279,0.8,0,1,56.44,0,0.02601,0
280,0.8,0,1,62,0,0.02691,0
281,0.8,0,1,53.88,0,0.03283,0
282,0.8,0,1,61.25,0,0.03667,0
283,0.8,0,1,53.56,0,0.01887,0
284,0.8,0,1,61.12,0,0.03508,0
285,0.8,0,1,56.38,0,0.03853,0
286,0.8,0,1,58.94,0,0.03544,0
287,0.8,0,1,59.62,0,0.03236,0
288,0.8,0,1,53.06,0,0.02378,0
289,0.8,0,1,61.81,0,0.03236,0
290,0.8,0,1,57.62,0,0.02483,0
291,0.8,0,1,61.12,0,0.03744,0
292,0.8,0,1,59.38,0,0.03421,0
293,0.8,0,1,61.88,0,0.03104,0
294,0.8,0,1,60.25,0,0.02446,0
295,0.8,0,1,62.06,0,0.03029,0
296,0.8,0,1,61.19,0,0.03078,0
297,0.8,0,1,65.69,0,0.03427,0
298,0.8,0,1,53.06,0,0.02987,0
299,0.8,0,1,56.19,0,0.03014,0
300,0.8,0,1,54.12,0,0.0335,0
